{"stats":{"minecraft:killed_by":{"graveyard:ghoul":1},"minecraft:picked_up":{"hexerei:animal_fat":1,"minecraft:stick":5,"minecraft:crafting_table":4,"minecraft:leather":2,"minecraft:torch":10,"minecraft:oak_log":21,"minecraft:string":2,"minecraft:dirt":1,"minecraft:rotten_flesh":2,"minecraft:apple":3,"minecraft:beef":1,"minecraft:oak_sapling":18,"minecraft:coal":37,"minecraft:furnace":1,"minecraft:cobblestone":117,"minecraft:egg":2,"minecraft:ender_pearl":2},"minecraft:killed":{"derelict:spiderling":1,"minecraft:zombie":4,"graveyard:ghoul":2,"minecraft:spider":1,"minecraft:cow":1},"minecraft:crafted":{"minecraft:cooked_beef":1,"minecraft:oak_planks":84,"minecraft:crafting_table":1,"minecraft:stick":12,"minecraft:wooden_pickaxe":1,"minecraft:stone_pickaxe":2,"minecraft:wooden_axe":1,"minecraft:furnace":1,"minecraft:torch":24,"minecraft:stone_axe":1,"minecraft:air":0},"minecraft:mined":{"minecraft:furnace":1,"treechop:chopped_log":3,"minecraft:crafting_table":4,"minecraft:coal_ore":37,"supplementaries:stick":1,"minecraft:grass_block":1,"minecraft:oak_log":5,"minecraft:cobblestone":1,"minecraft:stone":116,"minecraft:wall_torch":3,"minecraft:oak_leaves":1},"minecraft:custom":{"minecraft:time_since_rest":8397,"minecraft:interact_with_furnace":3,"minecraft:sprint_one_cm":34799,"minecraft:damage_taken":540,"minecraft:walk_one_cm":49505,"minecraft:mob_kills":9,"minecraft:drop":4,"minecraft:damage_dealt":1372,"minecraft:interact_with_crafting_table":8,"minecraft:swim_one_cm":5241,"minecraft:fly_one_cm":45664,"minecraft:crouch_one_cm":5019,"minecraft:play_time":29070,"minecraft:deaths":1,"minecraft:sneak_time":2045,"minecraft:walk_under_water_one_cm":285,"minecraft:jump":398,"minecraft:leave_game":1,"minecraft:time_since_death":8373,"minecraft:walk_on_water_one_cm":4475,"minecraft:total_world_time":29070,"minecraft:fall_one_cm":8908},"minecraft:used":{"minecraft:wooden_axe":19,"minecraft:apple":3,"minecraft:string":1,"minecraft:stone_pickaxe":131,"minecraft:oak_planks":25,"minecraft:wooden_pickaxe":24,"minecraft:rotten_flesh":2,"minecraft:stone_axe":18,"minecraft:torch":26,"minecraft:stick":1,"minecraft:dirt":1,"minecraft:cobblestone":47,"minecraft:crafting_table":4,"minecraft:furnace":1,"minecraft:oak_sapling":18,"minecraft:egg":2,"minecraft:cooked_beef":1},"minecraft:broken":{"minecraft:stone_pickaxe":1},"minecraft:dropped":{"minecraft:torch":8}},"DataVersion":3465}