{"stats":{"minecraft:mined":{"minecraft:farmland":2,"minecraft:cobbled_deepslate_stairs":8,"minecraft:brewing_stand":1,"minecraft:carved_pumpkin":3,"regions_unexplored:hanging_prismarite":1,"minecraft:granite":45,"minecraft:grass_block":283,"regions_unexplored:pine_shrub":3,"minecraft:light_gray_bed":1,"regions_unexplored:pine_door":9,"regions_unexplored:purple_coneflower":1,"minecraft:frosted_ice":4,"minecraft:nether_wart":2,"minecraft:spawner":2,"butcher:rope":2,"minecraft:tall_seagrass":2,"butcher:deepslatesulfurore":4,"regions_unexplored:pointed_redstone":4,"minecraft:cobbled_deepslate":38,"minecraft:iron_ore":223,"minecraft:barrel":6,"minecraft:fire":16,"minecraft:pumpkin":4,"minecraft:anvil":1,"minecraft:deepslate_lapis_ore":8,"supplementaries:stick":7,"minecraft:pointed_dripstone":4,"minecraft:dirt_path":1,"regions_unexplored:maple_leaf_pile":1,"horror_element_mod:sliced_body":1,"immersiveengineering:ore_lead":23,"regions_unexplored:peat_coarse_dirt":1,"minecraft:deepslate_redstone_ore":16,"horror_element_mod:dead_experiment":2,"hexerei:herb_drying_rack":2,"minecraft:smoker":1,"regions_unexplored:pine_slab":2,"minecraft:clay":53,"minecraft:torch":26,"minecraft:blast_furnace":3,"minecraft:chest":5,"farmersdelight:safety_net":2,"supplementaries:wild_flax":1,"minecraft:cobblestone":44,"minecraft:oak_planks":3,"minecraft:sugar_cane":1,"minecraft:wall_torch":10,"minecraft:cauldron":1,"regions_unexplored:pine_log":1,"minecraft:deepslate_copper_ore":38,"minecraft:skeleton_skull":2,"minecraft:seagrass":1,"boh:spinel_ore_ore":43,"minecraft:birch_log":10,"horror_element_mod:spiked_villager":1,"minecraft:jukebox":1,"butcher:sulfurore":8,"minecraft:grass":134,"minecraft:oak_log":17,"quark:stone_vertical_slab":1,"minecraft:sand":120,"minecraft:dirt":222,"immersiveengineering:conveyor_basic":6,"minecraft:stonecutter":1,"regions_unexplored:prismoss_sprout":1,"minecraft:oak_leaves":3,"minecraft:deepslate":296,"minecraft:tuff":27,"minecraft:mossy_cobblestone":5,"minecraft:deepslate_diamond_ore":13,"minecraft:glow_lichen":1,"minecraft:dark_oak_fence":1,"minecraft:chiseled_bookshelf":2,"immersiveengineering:ore_nickel":4,"born_in_chaos_v1:black_argillite":1,"regions_unexplored:pine_planks":8,"regions_unexplored:raw_redstone_block":6,"minecraft:cartography_table":1,"immersiveengineering:ore_silver":73,"born_in_chaos_v1:gnawed_bones":1,"minecraft:redstone_ore":35,"minecraft:furnace":14,"minecraft:andesite":56,"treechop:chopped_log":43,"farmersdelight:rope":2,"minecraft:deepslate_iron_ore":34,"regions_unexplored:medium_grass":35,"immersiveengineering:rs_engineering":2,"minecraft:stone":880,"regions_unexplored:redstone_bulb":1,"minecraft:smithing_table":1,"immersiveengineering:sheetmetal_iron":2,"minecraft:soul_sand":2,"quark:oak_chest":1,"minecraft:lily_of_the_valley":2,"monster_hunter_villager:hunters_table":1,"minecraft:spruce_door":4,"travelersbackpack:standard":4,"minecraft:crafting_table":7,"supplementaries:item_shelf":2,"minecraft:tall_grass":8,"minecraft:copper_ore":59,"minecraft:deepslate_gold_ore":10,"minecraft:lapis_ore":8,"horror_element_mod:trapped_leg":2,"minecraft:diorite":37,"regions_unexplored:prismarite_cluster":3,"supplementaries:urn":24,"regions_unexplored:redstone_bud":6,"derelict:arachnite":40,"minecraft:gray_bed":1,"boh:pamela_voorhees":1,"derelict:spider_silk":2,"quark:deepslate_furnace":2,"minecraft:coal_ore":174,"minecraft:gravel":104,"minecraft:mossy_stone_bricks":1,"minecraft:gold_ore":6,"regions_unexplored:peat_podzol":1,"minecraft:fern":10},"minecraft:killed":{"born_in_chaos_v1:lifestealer_true_form":1,"theinkarena:natural_ink_titan":2,"born_in_chaos_v1:zombie_clown":1,"minecraft:witch":1,"graveyard:skeleton_creeper":2,"born_in_chaos_v1:zombie_lumberjack":2,"born_in_chaos_v1:restless_spirit":3,"minecraft:spider":28,"born_in_chaos_v1:baby_skeleton_minion":1,"minecraft:skeleton":43,"derelict:spiderling":3,"minecraft:chicken":1,"born_in_chaos_v1:skeleton_thrasher":1,"minecraft:pig":4,"minecraft:zombie_villager":6,"minecraft:salmon":1,"minecraft:creeper":22,"minecraft:trader_llama":1,"minecraft:pillager":5,"born_in_chaos_v1:zombie_fisherman":1,"minecraft:zombie":39,"born_in_chaos_v1:dread_hound":4,"born_in_chaos_v1:corpse_fly":8,"born_in_chaos_v1:door_knight":2,"born_in_chaos_v1:maggot":12,"born_in_chaos_v1:baby_spider":1,"minecraft:drowned":9,"born_in_chaos_v1:corpse_fish":9,"theinkarena:natural_ink_brute":9,"derelict:jumping_spider":1,"born_in_chaos_v1:fallen_chaos_knight":1,"graveyard:ghoul":1,"born_in_chaos_v1:baby_skeleton":1,"born_in_chaos_v1:swarmer":1,"minecraft:wandering_trader":1,"born_in_chaos_v1:decrepit_skeleton":6,"difficult_spawners:evil_spirit":4,"born_in_chaos_v1:decaying_zombie":3,"sons_of_sins:betrayed_guzzler":2,"born_in_chaos_v1:dark_vortex":1,"born_in_chaos_v1:nightmare_stalker":2,"theinkarena:titan_splotch":4,"minecraft:player":5,"minecraft:enderman":1},"minecraft:killed_by":{"boh:ghost":2,"born_in_chaos_v1:nightmare_stalker":3,"minecraft:creeper":3,"born_in_chaos_v1:baby_spider":1,"born_in_chaos_v1:baby_skeleton":1,"born_in_chaos_v1:corpse_fly":1,"minecraft:drowned":2,"born_in_chaos_v1:lifestealer":1,"theinkarena:titan_splotch":1,"minecraft:zombie":3,"born_in_chaos_v1:lifestealer_true_form":7,"minecraft:player":11,"born_in_chaos_v1:baby_skeleton_minion":2,"born_in_chaos_v1:mother_spider":1,"born_in_chaos_v1:decaying_zombie":1,"mutantmonsters:mutant_skeleton":3,"minecraft:skeleton":1,"born_in_chaos_v1:corpse_fish":2,"cave_dweller:cave_dweller":2,"born_in_chaos_v1:door_knight":2,"born_in_chaos_v1:dread_hound":5},"minecraft:dropped":{"horror_element_mod:trapped_leg":1,"immersiveengineering:workbench":1,"travelersbackpack:standard":1,"minecraft:gold_block":1,"regions_unexplored:purple_coneflower":1,"minecraft:cooked_cod":2,"minecraft:chain":1,"regions_unexplored:pointed_redstone":1,"boh:soul_stealer":1,"ftbquests:book":2,"minecraft:bone":2,"minecraft:stone_axe":2,"minecraft:rotten_flesh":3,"minecraft:oak_planks":15,"minecraft:carrot":41,"supplementaries:soap":5,"minecraft:chiseled_stone_bricks":1,"born_in_chaos_v1:seedof_chaos":1,"minecraft:gunpowder":2,"minecraft:charcoal":2,"minecraft:arrow":1,"immersiveengineering:creosote_bucket":2,"minecraft:wheat_seeds":6,"minecraft:cobbled_deepslate_stairs":3,"minecraft:cobblestone":1,"regions_unexplored:pine_sapling":2,"minecraft:torch":11,"born_in_chaos_v1:nightmare_scythe":2,"regions_unexplored:pine_log":50,"minecraft:moss_carpet":1,"regions_unexplored:pine_planks":4,"minecraft:deepslate":24,"deep_dark_regrowth:etherium_gem":1,"minecraft:diamond_pickaxe":1,"supplementaries:bubble_blower":2,"minecraft:stone_pickaxe":3},"minecraft:broken":{"minecraft:iron_chestplate":1,"minecraft:iron_leggings":1,"minecraft:chainmail_boots":1,"minecraft:stone_pickaxe":1,"minecraft:stone_axe":1,"minecraft:stone_shovel":4,"minecraft:iron_axe":2,"minecraft:iron_pickaxe":1,"minecraft:iron_helmet":2,"born_in_chaos_v1:trident_hayfork":1},"minecraft:picked_up":{"minecraft:wheat":15,"theinkarena:trapped_soul":3,"minecraft:anvil":1,"derelict:arachnite":40,"minecraft:smithing_table":1,"minecraft:lead":2,"boh:spinel":52,"minecraft:enchanted_book":1,"butcher:rope":2,"regions_unexplored:pine_slab":2,"minecraft:brewing_stand":1,"theinkarena:ink_titan_skull":1,"minecraft:music_disc_cat":1,"born_in_chaos_v1:black_argillite":1,"minecraft:lapis_block":2,"born_in_chaos_v1:mesh_door":1,"regions_unexplored:prismarite_cluster":3,"minecraft:string":48,"minecraft:raw_copper":401,"minecraft:pufferfish":3,"immersiveengineering:raw_lead":27,"regions_unexplored:pine_log":315,"minecraft:gold_nugget":11,"minecraft:cobbled_deepslate":1582,"minecraft:bucket":2,"minecraft:cobblestone_slab":1,"born_in_chaos_v1:stimulating_decoction":2,"theinkarena:ink_membrane":2,"farmersdelight:cabbage_seeds":15,"regions_unexplored:pine_shrub":3,"minecraft:mangrove_log":6,"minecraft:iron_boots":1,"minecraft:furnace":15,"minecraft:stick":166,"minecraft:jukebox":1,"born_in_chaos_v1:shattered_skull":1,"minecraft:torch":111,"minecraft:acacia_log":2,"minecraft:green_bed":1,"minecraft:porkchop":7,"minecraft:pointed_dripstone":12,"minecraft:diorite":230,"regions_unexplored:raw_redstone_block":7,"born_in_chaos_v1:nightmare_claw":2,"minecraft:cauldron":1,"minecraft:black_dye":3,"quark:ancient_tome":2,"minecraft:rotten_flesh":150,"minecraft:tropical_fish":2,"supplementaries:antique_ink":7,"minecraft:iron_block":2,"minecraft:carved_pumpkin":3,"hexerei:herb_drying_rack":3,"farmersdelight:rope":39,"regions_unexplored:peat_coarse_dirt":1,"supplementaries:ash":46,"minecraft:cod":12,"minecraft:cobblestone":3249,"minecraft:birch_log":31,"minecraft:andesite":134,"minecraft:jungle_log":3,"farmersdelight:safety_net":2,"minecraft:smoker":1,"minecraft:potato":1,"supplementaries:item_shelf":2,"supplementaries:soap":3,"minecraft:flint":10,"minecraft:tuff":172,"supplementaries:flax_seeds":7,"minecraft:dirt":689,"minecraft:lapis_lazuli":122,"immersiveengineering:sheetmetal_iron":2,"minecraft:name_tag":1,"born_in_chaos_v1:monster_skin":13,"minecraft:leather_boots":1,"boh:exotic_soul":4,"minecraft:bone":102,"travelersbackpack:backpack_tank":2,"minecraft:stonecutter":1,"minecraft:bow":3,"minecraft:wheat_seeds":43,"minecraft:cobbled_deepslate_wall":3,"minecraft:raw_gold":20,"ftbquests:book":2,"minecraft:mossy_stone_bricks":1,"minecraft:oak_planks":52,"hexerei:animal_fat":1,"immersiveengineering:creosote_bucket":2,"minecraft:music_disc_13":1,"regions_unexplored:pine_sapling":55,"minecraft:poisonous_potato":1,"regions_unexplored:pine_planks":12,"minecraft:sand":121,"minecraft:diamond_block":1,"minecraft:ink_sac":9,"theinkarena:ink_power_scroll":11,"minecraft:lily_of_the_valley":2,"minecraft:mossy_cobblestone":5,"minecraft:barrel":6,"sons_of_sins:flesh_of_demise":1,"butcher:sulfur":33,"deep_dark_regrowth:etherium_gem":8,"minecraft:diamond":20,"minecraft:soul_lantern":1,"born_in_chaos_v1:nightmare_scythe":2,"supplementaries:bubble_blower":2,"minecraft:crossbow":2,"horror_element_mod:trapped_leg":2,"minecraft:granite":144,"minecraft:bone_meal":4,"minecraft:golden_apple":1,"minecraft:bread":3,"born_in_chaos_v1:rotten_fish":7,"minecraft:oak_sapling":59,"immersiveengineering:raw_nickel":4,"immersiveengineering:conveyor_basic":6,"minecraft:diamond_pickaxe":1,"minecraft:fishing_rod":2,"minecraft:charcoal":20,"quark:stone_vertical_slab":1,"minecraft:crafting_table":7,"minecraft:chicken":1,"minecraft:nether_wart":5,"minecraft:clay_ball":204,"born_in_chaos_v1:seedof_chaos":3,"minecraft:gold_block":5,"minecraft:chain":2,"minecraft:moss_carpet":7,"minecraft:iron_axe":1,"minecraft:wooden_sword":1,"boh:demonic_soul":5,"graveyard:corruption":1,"theinkarena:ink_block":3,"minecraft:cartography_table":1,"theinkarena:ink_waste":1,"regions_unexplored:maple_leaf_pile":4,"immersiveengineering:workbench":1,"born_in_chaos_v1:gnawed_bones":3,"regions_unexplored:peat_podzol":1,"monster_hunter_villager:hunters_table":1,"minecraft:chest":5,"minecraft:poppy":3,"boh:soul_stealer":1,"minecraft:sugar_cane":9,"farmersdelight:golden_knife":1,"minecraft:birch_sapling":10,"sons_of_sins:sickle_of_struggle":1,"minecraft:egg":2,"minecraft:raw_iron":277,"minecraft:stone":72,"minecraft:copper_ingot":27,"quark:deepslate_furnace":2,"farmersdelight:tomato_seeds":9,"born_in_chaos_v1:pieceofdarkmetal":22,"minecraft:carrot":617,"minecraft:redstone":297,"minecraft:iron_horse_armor":1,"travelersbackpack:hose":1,"regions_unexplored:purple_coneflower":32,"hexerei:sage_seed":29,"minecraft:arrow":42,"biomancy:mob_marrow":1,"regions_unexplored:redstone_bulb":1,"minecraft:beetroot_seeds":10,"regions_unexplored:pine_door":9,"immersiveengineering:rs_engineering":2,"born_in_chaos_v1:trident_hayfork":1,"minecraft:skeleton_skull":2,"quark:music_disc_wind":1,"born_in_chaos_v1:fused_bone":2,"born_in_chaos_v1:corpse_maggot":23,"regions_unexplored:hanging_prismarite":7,"born_in_chaos_v1:monster_flesh":24,"minecraft:glow_ink_sac":2,"minecraft:salmon":5,"minecraft:leather":1,"minecraft:red_mushroom":1,"quark:smithing_template_rune":3,"minecraft:oak_log":175,"minecraft:cobbled_deepslate_stairs":8,"minecraft:gunpowder":51,"minecraft:white_banner":5,"minecraft:apple":5,"travelersbackpack:cow":1,"minecraft:stone_pickaxe":3,"minecraft:iron_ingot":4,"boh:pamela_voorhees":1,"minecraft:gray_bed":1,"minecraft:iron_sword":1,"minecraft:soul_sand":2,"minecraft:music_disc_chirp":1,"minecraft:black_candle":2,"minecraft:emerald_block":2,"minecraft:pumpkin":4,"minecraft:chiseled_stone_bricks":1,"born_in_chaos_v1:ethereal_spirit":11,"minecraft:dripstone_block":1,"minecraft:gravel":95,"born_in_chaos_v1:dark_rod":3,"minecraft:blast_furnace":4,"minecraft:spruce_log":4,"minecraft:spruce_door":4,"quark:oak_chest":1,"minecraft:spider_eye":6,"travelersbackpack:standard":5,"minecraft:pumpkin_seeds":12,"minecraft:slime_ball":9,"immersiveengineering:seed":19,"minecraft:stone_axe":3,"minecraft:iron_helmet":1,"minecraft:cherry_sapling":2,"regions_unexplored:maple_log":9,"ancient_manuscripts:ancient_manuscript":1,"minecraft:melon_seeds":3,"minecraft:coal":268,"immersiveengineering:raw_silver":92,"minecraft:mangrove_propagule":3,"regions_unexplored:pointed_redstone":5,"minecraft:ender_pearl":3},"minecraft:custom":{"minecraft:interact_with_crafting_table":134,"minecraft:open_barrel":5,"minecraft:leave_game":12,"minecraft:time_since_death":42819,"minecraft:damage_resisted":381,"minecraft:sprint_one_cm":1565215,"minecraft:damage_blocked_by_shield":4070,"minecraft:drop":66,"minecraft:talked_to_villager":3,"minecraft:play_time":732192,"minecraft:deaths":60,"minecraft:jump":10982,"minecraft:walk_on_water_one_cm":204015,"minecraft:interact_with_furnace":183,"minecraft:sleep_in_bed":12,"minecraft:damage_dealt":58154,"minecraft:player_kills":6,"minecraft:crouch_one_cm":80477,"minecraft:interact_with_smoker":1,"minecraft:mob_kills":262,"minecraft:damage_dealt_resisted":4232,"minecraft:climb_one_cm":88425,"minecraft:walk_one_cm":1921912,"minecraft:sneak_time":28662,"minecraft:walk_under_water_one_cm":120629,"minecraft:interact_with_blast_furnace":77,"minecraft:total_world_time":732192,"minecraft:interact_with_stonecutter":7,"minecraft:time_since_rest":42844,"minecraft:damage_taken":22083,"minecraft:damage_absorbed":210,"minecraft:swim_one_cm":357419,"minecraft:fly_one_cm":1844998,"minecraft:open_chest":734,"minecraft:fish_caught":19,"minecraft:fall_one_cm":213440},"minecraft:crafted":{"minecraft:brick":56,"minecraft:black_dye":10,"easy_hammers:iron_hammer":1,"minecraft:smooth_stone":33,"minecraft:oak_planks":156,"immersiveengineering:hammer":1,"minecraft:cobblestone_slab":6,"immersiveengineering:fluid_pipe":8,"regions_unexplored:maple_planks":36,"butcher:rope":1,"supplementaries:soap":6,"immersiveengineering:coal_coke":9,"immersiveengineering:sheetmetal_iron":8,"quark:deepslate_furnace":1,"immersiveengineering:workbench":1,"farmersdelight:safety_net":1,"immersiveengineering:ingot_silver":48,"minecraft:iron_boots":2,"immersiveengineering:ingot_lead":4,"immersiveengineering:treated_wood_horizontal":24,"minecraft:bricks":2,"minecraft:stone_hoe":1,"ironchest:wood_to_copper_chest_upgrade":2,"minecraft:deepslate":24,"minecraft:cooked_porkchop":2,"minecraft:crafting_table":4,"minecraft:spruce_planks":4,"minecraft:wooden_pickaxe":1,"minecraft:iron_helmet":2,"immersiveengineering:slab_treated_wood_horizontal":6,"minecraft:spruce_door":3,"immersiveengineering:cokebrick":36,"minecraft:cobbled_deepslate_wall":6,"minecraft:copper_ingot":31,"regions_unexplored:oak_shrub":1,"supplementaries:wrench":1,"minecraft:iron_chestplate":2,"minecraft:diamond_pickaxe":1,"minecraft:charcoal":91,"minecraft:shield":2,"minecraft:stick":104,"quark:oak_chest":13,"minecraft:iron_pickaxe":2,"minecraft:iron_ingot":181,"boh:blood_stone":1,"minecraft:gold_ingot":9,"minecraft:sandstone":25,"immersiveengineering:stick_treated":8,"boh:ray_gun":1,"minecraft:stone_shovel":6,"minecraft:fishing_rod":1,"minecraft:iron_nugget":9,"minecraft:furnace":3,"minecraft:blast_furnace":3,"minecraft:bone_meal":78,"minecraft:flint_and_steel":1,"boh:soul_stealer":1,"minecraft:terracotta":3,"immersiveengineering:fluid_pump":1,"minecraft:iron_axe":6,"betterend:charcoal_block":1,"regions_unexplored:pine_shrub":5,"minecraft:stone_pickaxe":6,"minecraft:cobbled_deepslate_stairs":252,"immersiveengineering:treated_fence":3,"regions_unexplored:pine_slab":12,"immersiveengineering:component_iron":1,"minecraft:coal_block":3,"minecraft:cooked_cod":12,"supplementaries:item_shelf":2,"easy_hammers:diamond_hammer":1,"ironchest:wood_to_iron_chest_upgrade":1,"immersiveengineering:rs_engineering":4,"hexerei:herb_drying_rack":1,"minecraft:bucket":2,"minecraft:bone":6,"minecraft:stone_axe":6,"minecraft:air":0,"regions_unexplored:pine_planks":408,"ironchest:iron_to_gold_chest_upgrade":1,"supplementaries:bubble_blower":2,"immersiveengineering:conveyor_basic":8,"minecraft:iron_shovel":1,"minecraft:iron_leggings":2,"regions_unexplored:pine_door":3,"minecraft:stonecutter":1,"immersiveengineering:plate_iron":21,"minecraft:torch":276,"minecraft:clay":5,"immersiveengineering:craftingtable":1},"minecraft:used":{"immersiveengineering:fluid_pump":1,"minecraft:moss_carpet":5,"minecraft:iron_shovel":91,"minecraft:chest":4,"minecraft:shield":98,"minecraft:rotten_flesh":5,"minecraft:carrot":390,"regions_unexplored:prismarite_cluster":1,"immersiveengineering:cokebrick":27,"minecraft:tuff":46,"immersiveengineering:rs_engineering":3,"born_in_chaos_v1:corpse_maggot":2,"minecraft:lava_bucket":10,"quark:deepslate_furnace":3,"minecraft:oak_sapling":13,"minecraft:furnace":9,"minecraft:cooked_cod":6,"farmersdelight:safety_net":3,"minecraft:egg":1,"minecraft:diorite":32,"minecraft:spruce_door":5,"minecraft:stone_pickaxe":303,"minecraft:oak_planks":9,"minecraft:wooden_pickaxe":21,"minecraft:sandstone":2,"minecraft:sugar_cane":8,"minecraft:clay":2,"butcher:rope":3,"minecraft:sand":1,"minecraft:blast_furnace":5,"minecraft:dripstone_block":1,"minecraft:cobbled_deepslate_stairs":257,"regions_unexplored:pine_sapling":28,"immersiveengineering:hammer":25,"easy_hammers:diamond_hammer":333,"minecraft:bread":3,"ironchest:iron_to_gold_chest_upgrade":1,"boh:soul_stealer":12,"born_in_chaos_v1:mesh_door":1,"born_in_chaos_v1:rotten_fish":1,"minecraft:andesite":110,"minecraft:bone_meal":79,"minecraft:cobweb":6,"immersiveengineering:conveyor_basic":9,"ironchest:wood_to_iron_chest_upgrade":1,"minecraft:flint_and_steel":5,"born_in_chaos_v1:ethereal_spirit":8,"minecraft:stone_shovel":652,"born_in_chaos_v1:black_argillite":1,"minecraft:stone_hoe":74,"minecraft:stick":7,"minecraft:torch":336,"minecraft:dirt":153,"minecraft:granite":30,"supplementaries:item_shelf":4,"farmersdelight:rope":2,"regions_unexplored:oak_shrub":1,"regions_unexplored:pine_log":3,"immersiveengineering:workbench":1,"minecraft:iron_axe":644,"easy_hammers:iron_hammer":241,"born_in_chaos_v1:nightmare_scythe":52,"hexerei:herb_drying_rack":6,"minecraft:cobbled_deepslate":235,"minecraft:cobbled_deepslate_wall":3,"born_in_chaos_v1:trident_hayfork":273,"minecraft:water_bucket":7,"farmersdelight:golden_knife":26,"regions_unexplored:pine_door":11,"minecraft:stonecutter":2,"minecraft:cobblestone_slab":2,"ironchest:wood_to_copper_chest_upgrade":2,"regions_unexplored:peat_podzol":1,"minecraft:crafting_table":11,"boh:pamela_voorhees":1,"minecraft:apple":2,"regions_unexplored:pine_shrub":7,"minecraft:diamond_pickaxe":1059,"minecraft:iron_pickaxe":483,"supplementaries:rope":1,"minecraft:stone_axe":310,"immersiveengineering:sheetmetal_iron":4,"minecraft:fishing_rod":24,"minecraft:cobblestone":281,"travelersbackpack:standard":10,"minecraft:white_banner":5,"minecraft:cooked_porkchop":2,"regions_unexplored:pine_slab":10,"horror_element_mod:trapped_leg":1,"minecraft:bucket":17,"quark:oak_chest":11,"regions_unexplored:pine_planks":22}},"DataVersion":3465}