{"stats":{"minecraft:dropped":{"butcher:rope":1,"horror_element_mod:trapped_leg":2,"boh:demonic_soul":1,"minecraft:porkchop":4,"minecraft:oak_log":4,"minecraft:crossbow":1,"born_in_chaos_v1:pieceofdarkmetal":4,"travelersbackpack:standard":1,"born_in_chaos_v1:nightmare_claw":1,"born_in_chaos_v1:monster_flesh":4,"minecraft:dirt":38,"minecraft:seagrass":1,"minecraft:wooden_sword":3,"minecraft:sand":22,"boh:soul_stealer":1,"regions_unexplored:maple_log":18,"minecraft:iron_pickaxe":1,"ftbquests:book":1,"minecraft:birch_log":6,"minecraft:stone_axe":3,"minecraft:birch_sapling":4,"minecraft:pointed_dripstone":1,"born_in_chaos_v1:ethereal_spirit":3,"minecraft:rotten_flesh":24,"minecraft:oak_planks":34,"regions_unexplored:maple_sapling":1,"immersiveengineering:sheetmetal_iron":1,"minecraft:carrot":123,"supplementaries:flax_seeds":5,"minecraft:deepslate_tiles":1,"boh:pamela_voorhees":1,"minecraft:mangrove_log":2,"born_in_chaos_v1:corpse_maggot":9,"minecraft:leather_boots":1,"minecraft:acacia_sapling":2,"minecraft:basalt":7,"minecraft:arrow":2,"immersiveengineering:seed":5,"minecraft:iron_ingot":1,"minecraft:black_dye":3,"minecraft:wheat_seeds":4,"boh:spinel":23,"minecraft:mossy_cobblestone":3,"minecraft:poisonous_potato":1,"minecraft:feather":2,"hexerei:herb_drying_rack":1,"minecraft:cobblestone":38,"regions_unexplored:pine_sapling":12,"minecraft:spruce_door":2,"minecraft:stick":95,"minecraft:torch":9,"quark:spruce_ladder":3,"minecraft:string":4,"minecraft:spruce_sapling":2,"born_in_chaos_v1:nightmare_scythe":1,"minecraft:moss_carpet":6,"hexerei:sage_seed":6,"minecraft:stone_sword":1,"minecraft:stone_shovel":2,"born_in_chaos_v1:rotten_fish":2,"minecraft:chicken":1,"minecraft:shield":1,"minecraft:iron_chestplate":1,"minecraft:diamond_pickaxe":2,"minecraft:oak_sapling":23,"supplementaries:bubble_blower":1,"minecraft:spider_eye":5,"minecraft:stone_pickaxe":3,"minecraft:wooden_pickaxe":1,"minecraft:calcite":4},"minecraft:custom":{"minecraft:interact_with_crafting_table":142,"minecraft:open_barrel":16,"minecraft:leave_game":2,"minecraft:time_since_death":124874,"minecraft:damage_resisted":20,"minecraft:sprint_one_cm":797155,"minecraft:damage_blocked_by_shield":3250,"minecraft:drop":147,"minecraft:talked_to_villager":1,"minecraft:play_time":597705,"minecraft:deaths":29,"minecraft:jump":6529,"minecraft:walk_on_water_one_cm":127041,"minecraft:interact_with_furnace":373,"minecraft:sleep_in_bed":9,"minecraft:damage_dealt":28729,"minecraft:player_kills":5,"minecraft:crouch_one_cm":158825,"minecraft:mob_kills":157,"minecraft:damage_dealt_resisted":898,"minecraft:climb_one_cm":124431,"minecraft:walk_one_cm":1470774,"minecraft:sneak_time":51747,"minecraft:walk_under_water_one_cm":64060,"minecraft:boat_one_cm":126403,"minecraft:interact_with_blast_furnace":24,"minecraft:total_world_time":597705,"minecraft:interact_with_stonecutter":36,"minecraft:time_since_rest":124899,"minecraft:damage_taken":11202,"minecraft:damage_absorbed":70,"minecraft:swim_one_cm":61184,"minecraft:fly_one_cm":1046892,"minecraft:open_chest":526,"minecraft:fall_one_cm":120664},"minecraft:killed_by":{"born_in_chaos_v1:nightmare_stalker":1,"minecraft:creeper":1,"born_in_chaos_v1:corpse_fly":2,"theinkarena:natural_ink_brute":1,"sons_of_sins:betrayed_guzzler":2,"minecraft:zombie":7,"minecraft:player":2,"born_in_chaos_v1:baby_skeleton_minion":1,"graveyard:ghoul":1,"minecraft:enderman":1,"born_in_chaos_v1:zombie_clown":1,"born_in_chaos_v1:decaying_zombie":1,"minecraft:skeleton":2,"born_in_chaos_v1:corpse_fish":3,"born_in_chaos_v1:door_knight":3},"minecraft:crafted":{"minecraft:oak_planks":228,"minecraft:smooth_stone":78,"minecraft:barrel":16,"regions_unexplored:maple_planks":44,"minecraft:cobblestone_stairs":140,"minecraft:stone":370,"regions_unexplored:maple_stairs":8,"farmersdelight:rope":4,"minecraft:cooked_mutton":9,"minecraft:glass":18,"minecraft:iron_boots":2,"graveyard:oak_coffin":1,"supplementaries:rope_arrow":1,"minecraft:deepslate":38,"minecraft:cooked_porkchop":2,"minecraft:crafting_table":5,"minecraft:spruce_planks":28,"minecraft:iron_helmet":2,"minecraft:wooden_pickaxe":1,"minecraft:spruce_door":6,"regions_unexplored:pine_boat":1,"minecraft:spruce_trapdoor":2,"deep_dark_regrowth:stone_tiles_slab":12,"minecraft:iron_chestplate":3,"minecraft:diamond_pickaxe":1,"minecraft:charcoal":101,"minecraft:shield":2,"quark:oak_chest":4,"minecraft:stick":28,"minecraft:iron_pickaxe":2,"minecraft:iron_ingot":75,"minecraft:stone_sword":1,"deep_dark_regrowth:stone_tiles":1,"minecraft:deepslate_bricks":1,"regions_unexplored:maple_slab":18,"minecraft:wooden_sword":1,"deep_dark_regrowth:stone_tiles_stairs":6,"minecraft:stone_shovel":7,"minecraft:iron_nugget":36,"minecraft:furnace":9,"graveyard:dark_iron_ingot":1,"minecraft:bone_meal":48,"minecraft:glass_pane":48,"quark:stone_vertical_slab":2,"minecraft:lantern":4,"minecraft:iron_axe":2,"minecraft:stone_pickaxe":1,"regions_unexplored:pine_slab":348,"minecraft:dark_oak_planks":4,"quark:dark_oak_ladder":24,"minecraft:iron_sword":2,"minecraft:mangrove_planks":16,"quark:spruce_ladder":4,"minecraft:bucket":1,"minecraft:stone_axe":2,"born_in_chaos_v1:bone_heart":1,"minecraft:deepslate_tiles":1,"minecraft:air":0,"regions_unexplored:pine_planks":88,"minecraft:iron_shovel":1,"minecraft:iron_leggings":2,"minecraft:stonecutter":1,"minecraft:acacia_planks":8,"minecraft:torch":100,"deep_dark_regrowth:rough_deepslate":1},"minecraft:picked_up":{"minecraft:seagrass":1,"minecraft:iron_chestplate":1,"theinkarena:trapped_soul":1,"quark:spruce_ladder":2,"boh:spinel":23,"regions_unexplored:maple_planks":59,"butcher:rope":1,"minecraft:amethyst_block":4,"regions_unexplored:pine_slab":27,"minecraft:string":24,"born_in_chaos_v1:mesh_door":2,"minecraft:raw_copper":61,"minecraft:smooth_stone":26,"regions_unexplored:stripped_pine_log":10,"minecraft:deepslate_tiles":1,"regions_unexplored:pine_log":125,"minecraft:cobbled_deepslate":51,"minecraft:calcite":4,"minecraft:iron_pickaxe":1,"theinkarena:ink_membrane":2,"minecraft:mangrove_log":2,"minecraft:furnace":5,"minecraft:stick":140,"minecraft:torch":65,"minecraft:acacia_log":26,"minecraft:porkchop":6,"minecraft:cherry_log":2,"born_in_chaos_v1:nightmare_claw":1,"minecraft:stone_sword":1,"minecraft:rotten_flesh":72,"hexerei:herb_drying_rack":1,"minecraft:obsidian":26,"minecraft:cobblestone":1349,"minecraft:birch_log":12,"minecraft:enchanting_table":1,"minecraft:feather":2,"born_in_chaos_v1:spiritual_dust":1,"minecraft:andesite":29,"minecraft:black_bed":2,"farmersdelight:safety_net":2,"minecraft:potato":2,"supplementaries:item_shelf":1,"supplementaries:soap":1,"immersiveengineering:sheetmetal_iron":1,"minecraft:dirt":797,"born_in_chaos_v1:monster_skin":3,"minecraft:bone":32,"minecraft:wheat_seeds":13,"derelict:spider_egg_cluster":7,"regions_unexplored:pine_boat":4,"minecraft:oak_planks":38,"regions_unexplored:pine_sapling":18,"regions_unexplored:pine_planks":209,"quark:dark_oak_ladder":23,"minecraft:sand":132,"minecraft:stripped_spruce_log":1,"minecraft:ink_sac":3,"minecraft:grass_block":26,"theinkarena:ink_power_scroll":2,"minecraft:barrel":5,"minecraft:mossy_cobblestone":7,"graveyard:oak_coffin":4,"minecraft:deepslate":24,"born_in_chaos_v1:nightmare_scythe":1,"supplementaries:bubble_blower":1,"minecraft:crossbow":1,"horror_element_mod:trapped_leg":2,"minecraft:granite":67,"minecraft:bone_meal":2,"minecraft:golden_horse_armor":1,"minecraft:oak_sapling":43,"born_in_chaos_v1:rotten_fish":7,"minecraft:diamond_pickaxe":2,"minecraft:fishing_rod":2,"minecraft:charcoal":17,"quark:stone_vertical_slab":3,"minecraft:crafting_table":10,"minecraft:chicken":1,"born_in_chaos_v1:seedof_chaos":6,"minecraft:chain":1,"minecraft:shield":1,"minecraft:flint_and_steel":1,"minecraft:moss_carpet":10,"minecraft:wooden_sword":2,"deep_dark_regrowth:stone_tiles_stairs":4,"deep_dark_regrowth:rough_deepslate":10,"boh:demonic_soul":1,"born_in_chaos_v1:gnawed_bones":3,"boh:soul_stealer":1,"minecraft:sugar_cane":5,"supplementaries:rope":1,"minecraft:birch_sapling":5,"minecraft:spruce_trapdoor":1,"minecraft:egg":12,"minecraft:raw_iron":52,"minecraft:copper_ingot":2,"born_in_chaos_v1:pieceofdarkmetal":11,"minecraft:carrot":538,"regions_unexplored:purple_coneflower":21,"hexerei:sage_seed":12,"minecraft:arrow":8,"minecraft:stone_shovel":1,"regions_unexplored:maple_sapling":5,"minecraft:deepslate_bricks":1,"derelict:spider_egg":4,"minecraft:stripped_oak_log":1,"born_in_chaos_v1:corpse_maggot":14,"born_in_chaos_v1:monster_flesh":7,"deep_dark_regrowth:stone_tiles_slab":3,"minecraft:filled_map":2,"minecraft:oak_log":169,"minecraft:gunpowder":4,"deep_dark_regrowth:stone_tiles":30,"minecraft:cobblestone_stairs":4,"minecraft:apple":7,"minecraft:iron_ingot":13,"minecraft:stone_pickaxe":4,"boh:pamela_voorhees":1,"minecraft:acacia_sapling":2,"minecraft:chiseled_stone_bricks":1,"born_in_chaos_v1:lifestealer_bone":4,"born_in_chaos_v1:ethereal_spirit":4,"minecraft:raw_iron_block":2,"minecraft:spruce_sapling":2,"minecraft:white_bed":7,"minecraft:spruce_log":20,"minecraft:spruce_door":1,"minecraft:spider_eye":5,"regions_unexplored:maple_slab":1,"quark:cobblestone_bricks":25,"travelersbackpack:standard":2,"immersiveengineering:seed":10,"minecraft:stone_axe":2,"minecraft:scute":1,"regions_unexplored:maple_log":34,"minecraft:coal":33},"minecraft:killed":{"born_in_chaos_v1:restless_spirit":2,"born_in_chaos_v1:zombie_lumberjack":1,"minecraft:spider":10,"born_in_chaos_v1:baby_skeleton_minion":2,"minecraft:skeleton":12,"derelict:spiderling":1,"minecraft:chicken":1,"born_in_chaos_v1:bonescaller":1,"minecraft:pig":2,"minecraft:zombie_villager":2,"minecraft:creeper":2,"minecraft:trader_llama":1,"minecraft:zombie":53,"born_in_chaos_v1:dread_hound":6,"born_in_chaos_v1:corpse_fly":7,"born_in_chaos_v1:door_knight":2,"born_in_chaos_v1:zombie_bruiser":2,"born_in_chaos_v1:maggot":12,"born_in_chaos_v1:corpse_fish":9,"minecraft:drowned":6,"born_in_chaos_v1:barrel_zombie":1,"theinkarena:natural_ink_brute":2,"born_in_chaos_v1:spiritof_chaos":1,"born_in_chaos_v1:fallen_chaos_knight":1,"graveyard:ghoul":2,"born_in_chaos_v1:baby_skeleton":2,"born_in_chaos_v1:swarmer":2,"born_in_chaos_v1:decrepit_skeleton":3,"born_in_chaos_v1:decaying_zombie":2,"born_in_chaos_v1:dark_vortex":1,"born_in_chaos_v1:nightmare_stalker":3,"theinkarena:titan_splotch":1,"minecraft:player":5,"minecraft:enderman":1},"minecraft:used":{"regions_unexplored:pine_planks":283,"minecraft:moss_carpet":2,"minecraft:iron_shovel":123,"minecraft:shield":100,"minecraft:iron_sword":207,"minecraft:rotten_flesh":14,"deep_dark_regrowth:stone_tiles":262,"minecraft:carrot":326,"minecraft:obsidian":26,"born_in_chaos_v1:corpse_maggot":5,"minecraft:lava_bucket":19,"minecraft:lantern":4,"minecraft:grass_block":26,"regions_unexplored:stripped_pine_log":4,"born_in_chaos_v1:gnawed_bones":2,"minecraft:bow":3,"minecraft:furnace":16,"minecraft:oak_sapling":8,"farmersdelight:safety_net":1,"minecraft:egg":3,"minecraft:potato":2,"quark:dark_oak_ladder":39,"minecraft:spruce_door":5,"minecraft:stone_pickaxe":397,"minecraft:oak_planks":115,"minecraft:wooden_pickaxe":19,"minecraft:sugar_cane":2,"minecraft:sand":21,"minecraft:blast_furnace":1,"minecraft:black_bed":2,"minecraft:deepslate_tiles":1,"regions_unexplored:pine_boat":4,"born_in_chaos_v1:monster_flesh":1,"minecraft:deepslate":36,"regions_unexplored:maple_stairs":6,"boh:soul_stealer":9,"born_in_chaos_v1:mesh_door":1,"minecraft:wooden_sword":7,"born_in_chaos_v1:rotten_fish":2,"deep_dark_regrowth:stone_tiles_slab":3,"minecraft:chain":1,"supplementaries:soap":1,"minecraft:bone_meal":49,"minecraft:cobweb":5,"minecraft:enchanting_table":1,"minecraft:stone_sword":141,"minecraft:stone_shovel":662,"minecraft:stone_hoe":21,"graveyard:oak_coffin":5,"quark:stone_vertical_slab":5,"regions_unexplored:maple_planks":95,"minecraft:stick":1,"minecraft:torch":154,"minecraft:dirt":1195,"deep_dark_regrowth:rough_deepslate":20,"supplementaries:item_shelf":1,"minecraft:raw_iron_block":1,"minecraft:golden_shovel":32,"minecraft:granite":60,"regions_unexplored:pine_log":103,"deep_dark_regrowth:stone_tiles_stairs":8,"minecraft:iron_axe":430,"born_in_chaos_v1:nightmare_scythe":1,"minecraft:barrel":25,"minecraft:cobbled_deepslate":41,"minecraft:water_bucket":9,"regions_unexplored:maple_slab":15,"minecraft:cobblestone_stairs":46,"quark:cobblestone_bricks":58,"minecraft:stonecutter":1,"minecraft:deepslate_bricks":21,"minecraft:crafting_table":14,"minecraft:white_bed":7,"minecraft:oak_log":17,"minecraft:diamond_pickaxe":674,"minecraft:apple":4,"minecraft:iron_pickaxe":279,"minecraft:spruce_trapdoor":2,"minecraft:stone_axe":355,"minecraft:cobblestone":540,"minecraft:cooked_porkchop":2,"quark:spruce_ladder":2,"regions_unexplored:pine_slab":199,"minecraft:bucket":29,"minecraft:glass_pane":28,"quark:oak_chest":4,"regions_unexplored:maple_log":5,"minecraft:smooth_stone":103},"minecraft:mined":{"minecraft:white_bed":5,"regions_unexplored:maple_planks":54,"regions_unexplored:maple_log":1,"minecraft:cobblestone_stairs":4,"minecraft:obsidian":15,"minecraft:granite":70,"minecraft:spruce_trapdoor":1,"minecraft:grass_block":436,"minecraft:deepslate_bricks":1,"regions_unexplored:purple_coneflower":3,"butcher:rope":1,"minecraft:smooth_stone":9,"minecraft:tall_seagrass":2,"minecraft:fire":1,"minecraft:iron_ore":24,"minecraft:cobbled_deepslate":15,"minecraft:barrel":5,"regions_unexplored:mossy_stone":7,"minecraft:moss_carpet":5,"minecraft:enchanting_table":1,"supplementaries:stick":1,"horror_element_mod:spiked_body":1,"quark:dark_oak_ladder":17,"regions_unexplored:pine_slab":24,"minecraft:torch":35,"quark:cobblestone_bricks":11,"minecraft:calcite":4,"farmersdelight:safety_net":2,"minecraft:cobblestone":107,"minecraft:sugar_cane":2,"minecraft:oak_planks":42,"minecraft:wall_torch":20,"minecraft:amethyst_block":4,"regions_unexplored:pine_log":37,"deep_dark_regrowth:stone_tiles":30,"minecraft:seagrass":1,"deep_dark_regrowth:stone_tiles_stairs":4,"graveyard:oak_coffin":4,"boh:spinel_ore_ore":7,"minecraft:birch_log":1,"minecraft:black_bed":2,"minecraft:grass":56,"minecraft:oak_log":44,"quark:stone_vertical_slab":3,"minecraft:sand":124,"minecraft:dirt":331,"regions_unexplored:stripped_pine_log":9,"minecraft:deepslate":36,"minecraft:deepslate_tiles":1,"regions_unexplored:pine_planks":149,"born_in_chaos_v1:gnawed_bones":1,"supplementaries:rope":1,"minecraft:furnace":1,"minecraft:carrots":72,"minecraft:andesite":29,"minecraft:stripped_spruce_log":2,"treechop:chopped_log":30,"regions_unexplored:maple_slab":1,"minecraft:stripped_oak_log":1,"regions_unexplored:medium_grass":9,"minecraft:stone":912,"born_in_chaos_v1:mesh_door":2,"deep_dark_regrowth:rough_deepslate":10,"minecraft:spruce_door":1,"minecraft:crafting_table":9,"supplementaries:item_shelf":1,"minecraft:tall_grass":3,"minecraft:copper_ore":15,"horror_element_mod:trapped_leg":1,"deep_dark_regrowth:stone_tiles_slab":3,"quark:spruce_ladder":1,"minecraft:spruce_log":1,"minecraft:birch_leaves":1,"boh:pamela_voorhees":1,"minecraft:coal_ore":17,"minecraft:cobweb":1,"regions_unexplored:peat_podzol":1,"minecraft:fern":12},"minecraft:broken":{"minecraft:iron_boots":1,"minecraft:golden_shovel":1,"minecraft:iron_leggings":1,"minecraft:stone_pickaxe":3,"minecraft:stone_axe":4,"minecraft:stone_shovel":3,"minecraft:stone_sword":1,"minecraft:shield":2,"minecraft:iron_axe":2,"minecraft:iron_pickaxe":1,"minecraft:iron_helmet":1}},"DataVersion":3465}