{"stats":{"minecraft:mined":{"minecraft:dark_oak_planks":2,"regions_unexplored:maple_planks":6,"minecraft:mossy_stone_brick_slab":1,"minecraft:cherry_log":4,"minecraft:obsidian":20,"regions_unexplored:hanging_prismarite":2,"minecraft:granite":48,"minecraft:stone_brick_wall":1,"minecraft:grass_block":25,"minecraft:coal_block":4,"regions_unexplored:purple_coneflower":1,"minecraft:spawner":17,"minecraft:smooth_stone":1,"minecraft:raw_iron_block":2,"minecraft:iron_ore":60,"minecraft:cobbled_deepslate":9,"minecraft:fire":8,"immersiveengineering:deepslate_ore_silver":19,"minecraft:anvil":1,"minecraft:enchanting_table":1,"minecraft:polished_deepslate_slab":2,"minecraft:iron_bars":4,"immersiveengineering:ore_lead":4,"minecraft:iron_block":2,"regions_unexplored:peat_coarse_dirt":2,"horror_element_mod:spiked_body":1,"minecraft:deepslate_redstone_ore":7,"horror_element_mod:slashed_skull":1,"regions_unexplored:pine_slab":1,"born_in_chaos_v1:infected_deepslate_diamond_ore":4,"minecraft:torch":11,"minecraft:calcite":19,"minecraft:dead_bush":1,"butcher:pointedsalttip":1,"minecraft:cobblestone":24,"minecraft:oak_planks":3,"minecraft:iron_door":1,"minecraft:wall_torch":8,"minecraft:amethyst_block":17,"minecraft:seagrass":1,"boh:spinel_ore_ore":9,"minecraft:dark_oak_door":1,"minecraft:lapis_block":3,"minecraft:birch_log":5,"butcher:sulfurore":2,"minecraft:wither_rose":12,"minecraft:stone_brick_stairs":1,"minecraft:grass":34,"minecraft:oak_log":6,"regions_unexplored:peat_dirt":11,"minecraft:dirt":52,"regions_unexplored:clover":1,"minecraft:smooth_basalt":9,"minecraft:netherrack":3,"minecraft:oak_leaves":1,"minecraft:deepslate":1127,"minecraft:emerald_block":3,"minecraft:crying_obsidian":2,"minecraft:tuff":72,"minecraft:mossy_cobblestone":2,"minecraft:deepslate_diamond_ore":18,"minecraft:candle":1,"minecraft:oak_door":1,"minecraft:dark_oak_log":1,"born_in_chaos_v1:infected_diamond_ore":2,"minecraft:glow_lichen":1,"minecraft:cobbled_deepslate_slab":2,"derelict:web_caster_spider_egg":1,"regions_unexplored:pine_planks":4,"immersiveengineering:ore_silver":1,"derelict:spider_egg":4,"minecraft:large_fern":1,"minecraft:hay_block":57,"minecraft:furnace":1,"minecraft:andesite":36,"minecraft:diamond_block":1,"treechop:chopped_log":5,"minecraft:gold_block":6,"minecraft:vine":2,"minecraft:deepslate_iron_ore":32,"minecraft:cobblestone_slab":2,"regions_unexplored:ash_vent":1,"regions_unexplored:medium_grass":5,"minecraft:stone":515,"minecraft:ender_chest":1,"minecraft:podzol":26,"minecraft:basalt":5,"minecraft:stone_brick_slab":3,"minecraft:dandelion":8,"derelict:spider_egg_cluster":7,"minecraft:crafting_table":3,"minecraft:copper_ore":3,"minecraft:tall_grass":14,"minecraft:diorite":58,"supplementaries:urn":2,"minecraft:spruce_stairs":1,"travelersbackpack:squid":3,"minecraft:gray_wool":1,"derelict:arachnite":6,"derelict:fake_spider_egg":2,"minecraft:coal_ore":33,"minecraft:gravel":66,"minecraft:gray_carpet":2,"minecraft:cobweb":8,"minecraft:cracked_stone_bricks":1,"minecraft:stone_bricks":6,"minecraft:fern":4},"minecraft:broken":{"minecraft:iron_boots":3,"minecraft:iron_chestplate":3,"minecraft:iron_leggings":3,"sanitydim:garland":1,"minecraft:stone_pickaxe":2,"born_in_chaos_v1:nightmare_scythe":1,"minecraft:golden_sword":1,"minecraft:diamond_pickaxe":1,"minecraft:wooden_sword":1,"minecraft:stone_axe":2,"minecraft:wooden_axe":1,"minecraft:wooden_pickaxe":1,"minecraft:shield":4,"minecraft:iron_axe":1,"minecraft:iron_pickaxe":1,"minecraft:iron_helmet":4},"minecraft:custom":{"minecraft:interact_with_crafting_table":86,"minecraft:open_barrel":78,"minecraft:bell_ring":1,"minecraft:eat_cake_slice":6,"minecraft:leave_game":6,"minecraft:time_since_death":20833,"minecraft:sprint_one_cm":2728477,"minecraft:damage_blocked_by_shield":12815,"minecraft:drop":250,"minecraft:talked_to_villager":11,"minecraft:play_time":873335,"minecraft:deaths":89,"minecraft:jump":24808,"minecraft:interact_with_brewingstand":3,"minecraft:walk_on_water_one_cm":215464,"minecraft:interact_with_furnace":192,"minecraft:interact_with_cartography_table":2,"minecraft:sleep_in_bed":21,"minecraft:open_enderchest":2,"minecraft:damage_dealt":83439,"minecraft:player_kills":9,"minecraft:crouch_one_cm":121533,"minecraft:interact_with_smoker":2,"minecraft:interact_with_smithing_table":3,"minecraft:interact_with_anvil":8,"minecraft:mob_kills":444,"minecraft:damage_dealt_resisted":7127,"minecraft:climb_one_cm":124599,"minecraft:walk_one_cm":1475519,"minecraft:sneak_time":56138,"minecraft:walk_under_water_one_cm":100582,"minecraft:interact_with_lectern":1,"minecraft:interact_with_blast_furnace":38,"minecraft:total_world_time":873335,"spartanshields:shield_bash_hits":10,"minecraft:raid_trigger":1,"minecraft:interact_with_grindstone":1,"minecraft:interact_with_stonecutter":4,"minecraft:time_since_rest":12557,"minecraft:damage_taken":41733,"minecraft:damage_absorbed":40,"minecraft:trigger_trapped_chest":2,"minecraft:swim_one_cm":523447,"minecraft:fly_one_cm":5615478,"minecraft:open_chest":430,"minecraft:fall_one_cm":685466},"minecraft:dropped":{"minecraft:iron_sword":1,"boh:demonic_soul":4,"minecraft:glow_ink_sac":9,"minecraft:diamond":6,"minecraft:crossbow":2,"boh:exotic_soul":4,"immersiveengineering:workbench":1,"travelersbackpack:iron_tier_upgrade":1,"minecraft:cracked_stone_bricks":1,"minecraft:gold_block":5,"minecraft:flint":4,"minecraft:dirt":15,"born_in_chaos_v1:monster_skin":2,"farmersdelight:safety_net":1,"minecraft:wooden_sword":1,"minecraft:bone_meal":1,"immersiveengineering:raw_lead":4,"travelersbackpack:backpack_tank":2,"minecraft:white_wool":12,"minecraft:bone":13,"minecraft:gravel":8,"minecraft:emerald_block":2,"minecraft:diamond_block":1,"minecraft:cobbled_deepslate":248,"immersiveengineering:raw_silver":20,"minecraft:obsidian":14,"born_in_chaos_v1:ethereal_spirit":1,"minecraft:stripped_dark_oak_log":1,"minecraft:rotten_flesh":66,"minecraft:oak_planks":2,"minecraft:white_bed":2,"minecraft:carrot":4,"supplementaries:soap":3,"minecraft:chiseled_stone_bricks":1,"supplementaries:ash":2,"born_in_chaos_v1:seedof_chaos":2,"minecraft:gunpowder":4,"born_in_chaos_v1:corpse_maggot":4,"regions_unexplored:hanging_prismarite":4,"minecraft:leather_boots":2,"minecraft:spruce_slab":4,"derelict:spider_egg_cluster":7,"minecraft:basalt":2,"minecraft:arrow":9,"immersiveengineering:creosote_bucket":1,"graveyard:oak_coffin":1,"immersiveengineering:seed":5,"minecraft:egg":1,"minecraft:iron_ingot":8,"minecraft:enchanted_book":1,"minecraft:bread":2,"quark:crab_shell":1,"born_in_chaos_v1:shattered_skull":2,"minecraft:wheat_seeds":3,"derelict:spider_silk_gland":3,"minecraft:feather":2,"minecraft:cobblestone":17,"minecraft:iron_helmet":1,"minecraft:granite":9,"minecraft:copper_ingot":1,"minecraft:spruce_stairs":1,"minecraft:stick":74,"minecraft:iron_block":2,"farmersdelight:golden_knife":1,"minecraft:ink_sac":5,"minecraft:torch":18,"minecraft:wooden_axe":4,"minecraft:cherry_planks":1,"minecraft:white_banner":5,"minecraft:raw_iron_block":1,"minecraft:string":12,"minecraft:blue_carpet":4,"minecraft:lapis_block":2,"regions_unexplored:pine_slab":1,"minecraft:stone_brick_slab":1,"born_in_chaos_v1:nightmare_scythe":2,"hexerei:sage_seed":2,"regions_unexplored:pine_planks":57,"minecraft:bowl":1,"minecraft:raw_iron":27,"minecraft:chicken":2,"minecraft:iron_boots":1,"minecraft:flint_and_steel":1,"minecraft:filled_map":6,"minecraft:potato":2,"quark:dark_oak_ladder":1,"sons_of_sins:sickle_of_struggle":1,"minecraft:diamond_pickaxe":4,"minecraft:iron_chestplate":3,"derelict:spider_egg":4,"minecraft:oak_sapling":2,"supplementaries:bubble_blower":2,"minecraft:spider_eye":9,"minecraft:slime_ball":8,"minecraft:stone_pickaxe":1,"travelersbackpack:hose":1},"minecraft:picked_up":{"minecraft:wooden_axe":5,"minecraft:iron_chestplate":2,"minecraft:wheat":2,"theinkarena:trapped_soul":1,"minecraft:anvil":1,"derelict:spider_silk_gland":3,"boh:spinel":9,"minecraft:wither_rose":12,"minecraft:enchanted_book":1,"regions_unexplored:maple_planks":3,"minecraft:stone_brick_stairs":1,"theinkarena:ink_titan_skull":1,"minecraft:amethyst_block":25,"regions_unexplored:pine_slab":1,"minecraft:lapis_block":4,"minecraft:string":48,"minecraft:smooth_stone_slab":2,"theinkarena:soul_power_scroll":1,"immersiveengineering:raw_lead":4,"minecraft:smooth_stone":2,"regions_unexplored:pine_log":1,"minecraft:cobbled_deepslate":1187,"minecraft:cobblestone_slab":1,"minecraft:calcite":37,"born_in_chaos_v1:stimulating_decoction":2,"minecraft:coal_block":4,"minecraft:furnace":1,"minecraft:dark_oak_door":1,"minecraft:stick":80,"born_in_chaos_v1:shattered_skull":2,"quark:crab_shell":1,"minecraft:torch":45,"travelersbackpack:iron_tier_upgrade":1,"minecraft:spruce_stairs":4,"minecraft:porkchop":29,"minecraft:cherry_log":7,"minecraft:diorite":27,"born_in_chaos_v1:nightmare_claw":3,"minecraft:rotten_flesh":126,"minecraft:iron_block":2,"regions_unexplored:peat_coarse_dirt":2,"supplementaries:ash":5,"minecraft:obsidian":22,"minecraft:cobblestone":427,"minecraft:birch_log":10,"minecraft:enchanting_table":1,"minecraft:feather":2,"born_in_chaos_v1:spiritual_dust":1,"minecraft:jungle_log":3,"minecraft:andesite":14,"farmersdelight:safety_net":1,"minecraft:potato":2,"supplementaries:soap":4,"minecraft:flint":5,"minecraft:tuff":73,"minecraft:dirt":101,"born_in_chaos_v1:monster_skin":14,"minecraft:leather_boots":1,"boh:exotic_soul":4,"minecraft:bone":49,"minecraft:bow":3,"minecraft:wheat_seeds":4,"derelict:spider_egg_cluster":7,"minecraft:oak_planks":6,"minecraft:mossy_stone_brick_stairs":1,"hexerei:animal_fat":4,"immersiveengineering:creosote_bucket":1,"travelersbackpack:squid":4,"regions_unexplored:pine_sapling":2,"regions_unexplored:pine_planks":5,"quark:dark_oak_ladder":3,"minecraft:ink_sac":8,"theinkarena:ink_power_scroll":7,"minecraft:diamond_block":1,"minecraft:dark_oak_log":1,"minecraft:mossy_cobblestone":1,"graveyard:oak_coffin":1,"butcher:sulfur":4,"deep_dark_regrowth:etherium_gem":1,"minecraft:diamond":18,"born_in_chaos_v1:nightmare_scythe":4,"supplementaries:bubble_blower":2,"minecraft:crossbow":3,"minecraft:granite":57,"minecraft:bone_meal":4,"minecraft:emerald":1,"minecraft:bread":1,"born_in_chaos_v1:rotten_fish":6,"minecraft:oak_sapling":6,"minecraft:netherrack":2,"minecraft:diamond_pickaxe":3,"minecraft:fishing_rod":1,"minecraft:crafting_table":3,"minecraft:chicken":2,"born_in_chaos_v1:seedof_chaos":5,"minecraft:gold_block":7,"minecraft:shield":1,"minecraft:oak_trapdoor":2,"minecraft:wooden_sword":1,"boh:demonic_soul":4,"minecraft:cracked_stone_bricks":2,"minecraft:candle":4,"theinkarena:ink_waste":2,"immersiveengineering:workbench":1,"minecraft:spruce_slab":4,"minecraft:sugar_cane":3,"minecraft:birch_sapling":1,"sons_of_sins:sickle_of_struggle":1,"minecraft:egg":4,"minecraft:raw_iron":93,"regions_unexplored:ash_vent":1,"minecraft:oak_door":1,"minecraft:copper_ingot":1,"minecraft:carrot":117,"born_in_chaos_v1:pieceofdarkmetal":14,"minecraft:redstone":31,"minecraft:blue_carpet":4,"minecraft:dark_oak_planks":2,"regions_unexplored:purple_coneflower":5,"hexerei:sage_seed":2,"minecraft:arrow":45,"minecraft:cooked_cod":2,"minecraft:hay_block":57,"derelict:spider_egg":4,"minecraft:mutton":25,"minecraft:white_wool":28,"born_in_chaos_v1:fused_bone":2,"regions_unexplored:peat_dirt":29,"born_in_chaos_v1:corpse_maggot":22,"minecraft:basalt":9,"regions_unexplored:hanging_prismarite":4,"born_in_chaos_v1:monster_flesh":8,"minecraft:glow_ink_sac":9,"minecraft:salmon":1,"minecraft:filled_map":3,"minecraft:oak_log":9,"boh:ectoplasm":1,"minecraft:gunpowder":8,"minecraft:white_banner":6,"minecraft:stone_bricks":5,"biomancy:mob_sinew":2,"minecraft:iron_ingot":5,"minecraft:iron_sword":2,"minecraft:smooth_basalt":5,"minecraft:emerald_block":3,"minecraft:chiseled_stone_bricks":2,"minecraft:stone_brick_slab":4,"born_in_chaos_v1:ethereal_spirit":7,"minecraft:dandelion":8,"minecraft:raw_iron_block":1,"minecraft:gravel":65,"born_in_chaos_v1:dark_rod":9,"minecraft:amethyst_shard":1,"born_in_chaos_v1:fangofthe_hound_leader":3,"minecraft:crying_obsidian":2,"minecraft:mossy_stone_brick_slab":1,"minecraft:spider_eye":17,"minecraft:slime_ball":8,"immersiveengineering:seed":15,"minecraft:stone_axe":1,"minecraft:gray_wool":2,"minecraft:stripped_dark_oak_log":1,"minecraft:coal":30,"immersiveengineering:raw_silver":20,"minecraft:ender_pearl":1},"minecraft:used":{"minecraft:shield":500,"minecraft:iron_sword":454,"minecraft:rotten_flesh":9,"minecraft:iron_chestplate":9,"minecraft:mutton":2,"minecraft:carrot":218,"minecraft:tuff":6,"minecraft:obsidian":8,"minecraft:iron_helmet":4,"minecraft:stone_bricks":5,"minecraft:stone_brick_stairs":1,"minecraft:golden_sword":74,"minecraft:bow":5,"minecraft:hay_block":7,"minecraft:furnace":1,"minecraft:cooked_cod":6,"minecraft:gold_block":1,"minecraft:egg":2,"quark:dark_oak_ladder":1,"minecraft:diorite":4,"minecraft:stone_pickaxe":296,"minecraft:wooden_pickaxe":47,"minecraft:cookie":8,"minecraft:golden_apple":1,"minecraft:blast_furnace":1,"minecraft:crossbow":1,"minecraft:lingering_potion":1,"minecraft:black_bed":1,"minecraft:crying_obsidian":2,"minecraft:bread":127,"born_in_chaos_v1:monster_flesh":1,"minecraft:string":1,"minecraft:gravel":32,"minecraft:wooden_sword":63,"minecraft:experience_bottle":13,"minecraft:oak_trapdoor":2,"minecraft:enchanting_table":1,"minecraft:flint_and_steel":3,"born_in_chaos_v1:ethereal_spirit":1,"born_in_chaos_v1:fried_maggot":4,"minecraft:netherrack":2,"minecraft:oak_door":1,"regions_unexplored:maple_planks":1,"minecraft:torch":37,"minecraft:dirt":72,"minecraft:anvil":1,"minecraft:spruce_stairs":3,"minecraft:granite":27,"minecraft:stone_brick_slab":2,"minecraft:wooden_axe":39,"minecraft:iron_axe":146,"travelersbackpack:squid":5,"minecraft:iron_boots":8,"born_in_chaos_v1:nightmare_scythe":653,"minecraft:golden_carrot":2,"minecraft:cobbled_deepslate":184,"minecraft:cherry_log":4,"minecraft:iron_leggings":10,"minecraft:calcite":27,"minecraft:cooked_mutton":23,"minecraft:amethyst_block":5,"regions_unexplored:peat_dirt":6,"minecraft:cherry_planks":3,"regions_unexplored:peat_coarse_dirt":2,"minecraft:cracked_stone_bricks":1,"minecraft:salmon":1,"minecraft:crafting_table":5,"minecraft:red_mushroom":1,"minecraft:white_bed":1,"boh:hilt_of_a_blacksmith":35,"minecraft:diamond_pickaxe":1669,"minecraft:iron_pickaxe":251,"minecraft:suspicious_stew":1,"minecraft:stone_axe":83,"minecraft:chiseled_stone_bricks":1,"minecraft:cobblestone":168,"travelersbackpack:standard":4,"minecraft:porkchop":1,"minecraft:cooked_porkchop":23,"minecraft:gray_wool":2,"minecraft:smooth_stone":1,"minecraft:diamond_leggings":1,"minecraft:candle":4},"minecraft:crafted":{"minecraft:smooth_stone":3,"minecraft:oak_planks":40,"minecraft:stone":16,"quark:deepslate_furnace":1,"born_in_chaos_v1:dark_metal_ingot":3,"minecraft:cooked_mutton":14,"minecraft:glass":12,"minecraft:diamond_leggings":1,"minecraft:iron_boots":4,"travelersbackpack:iron_tier_upgrade":1,"minecraft:cooked_porkchop":28,"minecraft:crafting_table":3,"travelersbackpack:standard":1,"minecraft:wooden_pickaxe":1,"minecraft:iron_helmet":5,"minecraft:birch_planks":8,"minecraft:iron_chestplate":4,"minecraft:diamond_pickaxe":2,"minecraft:shield":5,"quark:oak_chest":1,"minecraft:stick":20,"minecraft:iron_pickaxe":1,"minecraft:iron_ingot":146,"minecraft:cherry_planks":8,"minecraft:wooden_sword":1,"minecraft:oak_door":3,"minecraft:raw_iron":9,"minecraft:furnace":1,"minecraft:blast_furnace":1,"sanitydim:garland":1,"travelersbackpack:blank_upgrade":4,"minecraft:flint_and_steel":1,"travelersbackpack:white_sleeping_bag":1,"born_in_chaos_v1:bone_handle":3,"minecraft:iron_axe":1,"born_in_chaos_v1:fried_maggot":4,"minecraft:stone_pickaxe":2,"minecraft:wheat":576,"travelersbackpack:backpack_tank":2,"born_in_chaos_v1:nightmare_scythe":1,"born_in_chaos_v1:dark_metal_nugget":34,"minecraft:bread":200,"minecraft:air":0,"regions_unexplored:pine_planks":4,"supplementaries:bubble_blower":1,"minecraft:wooden_axe":1,"minecraft:iron_leggings":4,"minecraft:white_bed":3,"minecraft:torch":4},"minecraft:killed":{"born_in_chaos_v1:zombie_clown":2,"minecraft:cave_spider":13,"graveyard:skeleton_creeper":3,"born_in_chaos_v1:restless_spirit":1,"born_in_chaos_v1:zombie_lumberjack":6,"boh:ghost":1,"minecraft:spider":22,"born_in_chaos_v1:siamese_skeletonsright":3,"minecraft:zombie_horse":2,"born_in_chaos_v1:scarlet_persecutor":3,"minecraft:skeleton":36,"derelict:spiderling":4,"minecraft:chicken":1,"quark:crab":1,"born_in_chaos_v1:skeleton_thrasher":1,"born_in_chaos_v1:bonescaller":1,"minecraft:pig":15,"minecraft:zombie_villager":3,"derelict:web_caster":2,"minecraft:creeper":3,"minecraft:sheep":18,"born_in_chaos_v1:zombie_fisherman":1,"minecraft:pillager":52,"minecraft:zombie":61,"born_in_chaos_v1:dread_hound":9,"born_in_chaos_v1:corpse_fly":11,"born_in_chaos_v1:door_knight":1,"born_in_chaos_v1:siamese_skeletonsleft":2,"minecraft:vindicator":1,"minecraft:slime":4,"born_in_chaos_v1:zombie_bruiser":3,"born_in_chaos_v1:maggot":13,"born_in_chaos_v1:dire_hound_leader":1,"boh:fresno_nightcrawler":1,"derelict:charming_spider":1,"minecraft:drowned":10,"born_in_chaos_v1:corpse_fish":7,"born_in_chaos_v1:siamese_skeletons":1,"derelict:jumping_spider":2,"theinkarena:natural_ink_brute":8,"born_in_chaos_v1:spiritof_chaos":2,"born_in_chaos_v1:fallen_chaos_knight":1,"graveyard:ghoul":7,"born_in_chaos_v1:baby_skeleton":6,"born_in_chaos_v1:decrepit_skeleton":7,"difficult_spawners:evil_spirit":36,"born_in_chaos_v1:dark_vortex":5,"born_in_chaos_v1:nightmare_stalker":4,"theinkarena:titan_splotch":4,"minecraft:player":6,"minecraft:enderman":1},"minecraft:killed_by":{"born_in_chaos_v1:nightmare_stalker":6,"difficult_spawners:evil_spirit":2,"minecraft:creeper":5,"minecraft:pillager":2,"born_in_chaos_v1:baby_skeleton":1,"minecraft:drowned":1,"theinkarena:natural_ink_brute":2,"sanitydim:rotting_stalker":1,"sons_of_sins:betrayed_guzzler":5,"minecraft:vindicator":2,"minecraft:cave_spider":3,"minecraft:zombie":16,"born_in_chaos_v1:scarlet_persecutor":2,"minecraft:pig":1,"born_in_chaos_v1:lifestealer_true_form":4,"minecraft:player":7,"born_in_chaos_v1:baby_skeleton_minion":2,"graveyard:ghoul":1,"minecraft:spider":3,"born_in_chaos_v1:zombie_lumberjack":1,"born_in_chaos_v1:fallen_chaos_knight":1,"mutantmonsters:mutant_skeleton":3,"minecraft:skeleton":7,"born_in_chaos_v1:corpse_fish":1,"cave_dweller:cave_dweller":2,"born_in_chaos_v1:dread_hound":1}},"DataVersion":3465}